age,gender,marital_status,education,monthly_salary,years_of_employment,company_type,house_type,monthly_rent,family_size,dependents,school_fees,college_fees,travel_expenses,groceries_utilities,other_monthly_expenses,existing_loans,current_emi_amount,credit_score,bank_balance,emergency_fund,requested_amount,requested_tenure,emi_eligibility,max_monthly_emi,employment_type_Government,employment_type_Private,employment_type_Self-employed,emi_scenario_E-commerce Shopping EMI,emi_scenario_Education EMI,emi_scenario_Home Appliances EMI,emi_scenario_Personal Loan EMI,emi_scenario_Vehicle EMI,debt_to_income,expense_to_income,affordability_ratio
38.0,1,1,3,82600.0,0.9,2,0,20000.0,3,2,0.0,0.0,7200.0,19500.0,13200.0,1,23700.0,660.0,303200.0,70200.0,850000.0,15,0,500.0,0,1,0,0,0,0,1,0,0.28692493946731235,0.4830508474576271,0.030235294117647058
38.0,1,1,1,21500.0,7.0,4,1,0.0,2,1,5100.0,0.0,1400.0,5400.0,3500.0,1,4100.0,714.0,92500.0,26900.0,128000.0,19,0,700.0,0,1,0,1,0,0,0,0,0.19069767441860466,0.7162790697674418,0.10859375
38.0,0,1,3,86100.0,5.8,0,2,0.0,4,3,0.0,0.0,10200.0,19400.0,6000.0,0,0.0,650.0,672100.0,324200.0,306000.0,16,2,27775.0,0,1,0,0,1,0,0,0,0.0,0.413472706155633,0.26176470588235295
58.0,1,1,0,66800.0,2.2,2,2,0.0,5,4,11400.0,0.0,6200.0,11900.0,7900.0,0,0.0,685.0,440900.0,178100.0,304000.0,83,2,16170.0,0,1,0,0,0,0,0,1,0.0,0.5598802395209581,0.19375
48.0,1,1,3,57300.0,3.4,2,1,0.0,4,3,9400.0,21300.0,3600.0,16200.0,8100.0,0,0.0,770.0,97300.0,28200.0,252000.0,7,0,500.0,0,1,0,0,0,1,0,0,0.0,1.0226876090750436,0.19523809523809524
